σ_state,k*,OOS realized gain,Naive baseline gain
0,19,3.9943181818181817,2.943465491923641
1,22,4.044423440453687,3.1841042584434653
2,24,4.858340318524728,3.3237885462555075
